,method,C2ST acc,MDD,ACD,W1,AWD,featW1,MDD disc.,env frac,env max,CUSUM,diff p99.9,peak@start,ARP,EDI,C2ST rej
__real__,real ESA anomalies (target),0.5,0.0,0.0,0.0,0.0,0.0,0.0,0.0389809063722107,4.016408097778134,-0.004783570975246933,0.16944376399843314,0.11369910282953762,,,
c1,"GenFSDiff (c1, time_both hybrid_needles)",0.7947368421052632,4.310007912659628,4.7883960627038995,0.15937969002111274,0.027448777586817668,5.3342471786236905,0.38602948670906717,0.6781684027777777,4.579854618887194,1.0670784616157967,0.5215150493802928,0.4309895833333333,0.5835523432333954,2.5989736453234515,0.9333333333333333
c2,"GenFSDiff (c2, time_recon hybrid_needles)",0.7779241967871486,4.304437810795275,4.9964898761862235,0.15844010766312902,0.04101560126965407,6.052401809079204,0.36902341201891714,0.685763888888889,8.29919344122082,0.23482464830594263,0.6352549545261854,0.4778645833333333,0.5762394149961779,2.5449633115696932,0.9333333333333333
timeleash_gm,GenFSDiff + parent leash (gm),0.8381651606425703,4.296818407448932,4.8240800306225635,0.15692168124508926,0.027677999248277834,5.517986398968643,0.37100966242661443,0.6783854166666666,4.152847460119335,0.9905942780143494,0.535263276075441,0.3650173611111111,0.5699991841060226,2.524196765038831,0.9333333333333333
timeleash_l2,GenFSDiff + parent leash (l2),0.8023397939584425,4.308388473490697,4.72370333119659,0.1552493371604322,0.0252306749503217,5.116889344876436,0.37321292672320067,0.6143663194444444,3.8322322251766816,0.9215198231397563,0.3848704461774926,0.3973524305555556,0.5438770155861956,2.4119010335448494,0.9333333333333333
editor,GenFSDiff + editor patch,0.7270447530864197,4.009985256604774,4.628356570106507,0.14398460515056652,0.0208187570491468,5.505598449364754,0.2768931595183736,0.6048177083333334,4.149781904138275,0.3208316816874705,0.25105723113332945,0.10112847222222222,0.6300225442894056,1.8280066451125951,0.9333333333333333
hashfix,"GenFSDiff, apply_final_grad=False",0.5253623188405797,4.712288541014929,5.759536267914484,0.11468924389161954,0.011304768601938233,3.669384077358105,0.014474953794303067,0.006727430555555534,0.22523833307784194,-0.013167820801929367,0.04455766713950884,0.3914930555555556,0.4587734836472288,1.887765751289225,0.2
shell,shell-only steering (no anomaly term),0.509127418765973,4.707179012841788,5.834570085380797,0.1146370442296613,0.011257426581834767,3.6939965555557,0.014663938492063466,0.0091145833333333,0.4041409686165038,-0.0173319257297415,0.04352872827218549,0.3697916666666667,0.39288597753417204,2.1705782590037943,0.4
unguided,unguided diffusion,0.5073302469135803,4.803293956139295,6.5636819194708105,0.11694593989337876,0.014692809597541165,3.5307498369057924,0.007117715807784235,0.0104166666666666,0.4518063503230068,-0.0040997014765589,0.0412526695647744,0.4244791666666667,0.5676322679909832,2.286338095566732,0.26666666666666666
genias,GenIAS,0.513695987654321,4.545184121951176,5.6516726414199425,0.11245635453874535,0.0033268871753175332,3.7084206921449634,0.04112774176451397,0.0006510416666666,0.10564789509081458,-0.0051521442523189,0.05451420816880529,0.09895833333333333,0.316605790699792,1.604816856897512,0.26666666666666666
genias_patched,"GenIAS (patched -- inert, == donor)",0.5084876543209876,3.198262478206494,5.633723708343957,0.1123368639286121,0.003121458067172933,3.7047287532461546,0.035993303571428534,0.0,0.0,-0.0041545306207536,0.0580769542345179,0.109375,,,0.26666666666666666
posthoc,post-hoc injection,0.4869281045751634,3.4761069899694363,2.9281273636336933,0.2733853758043974,0.003958508935825333,3.751445797392924,0.2653149801587301,0.2975260416666667,1.9811132114260948,-0.0013393915652198,0.05925868918365299,0.11067708333333333,0.3193306731416694,1.9510865866080014,0.0
cutaddpaste,CutAddPaste,0.5,3.4486410269158303,5.4461751652230355,0.11227345275186407,0.008615699143070499,3.707117968468481,0.03854820681126327,0.0,0.0,-0.009217698949691,0.0634421305747324,0.1015625,0.3226363700279569,1.5975578335980427,0.26666666666666666
taxonomy,taxonomy injection,0.5,3.374457181354979,5.411162376311736,0.11223318253038954,0.0038982239202751,3.6968024164348665,0.04763985717003694,0.169921875,0.3629835247943294,-0.0011353648735468,0.0895264247221327,0.08723958333333333,0.38250668137201216,2.3614720964371703,0.2
donor,"donor (real nominal, no edit)",0.5084876543209876,3.198262478206494,5.633723708343957,0.1123368639286121,0.003121458067172933,3.7047287532461546,0.035993303571428534,0.0,0.0,-0.0041545306207536,0.0580769542345179,0.109375,,,0.26666666666666666
